ID,Time Stamp,Temperature,Turbidity,pH,Conductivity,Dissolved Oxygen
0,16-04-2012,23.0,18.0,7.19,736.0,3.5
1,01-01-2013,16.0,42.15,7.45,530.0,3.8
2,02-01-2013,16.0,46.7,7.99,538.0,2.5
3,03-01-2013,16.0,47.15,8.05,496.0,2.3
4,04-01-2013,10.0,22.0,8.18,398.0,4.6
5,05-01-2013,11.0,35.0,8.4,560.0,3.8
6,07-01-2013,10.0,28.0,8.41,362.0,4.2
7,09-01-2013,12.0,34.8,8.6,508.0,3.6
8,13-01-2013,13.0,30.2,7.99,534.0,3.1
9,14-01-2013,12.0,32.7,8.3,510.0,3.6
10,15-01-2013,12.0,34.7,8.5,540.0,3.9
11,20-01-2013,14.0,50.2,8.18,507.0,3.4
12,21-01-2013,13.0,49.3,8.34,573.0,2.4
13,23-01-2013,14.0,65.0,8.4,484.0,2.4
14,24-01-2013,14.0,56.0,8.3,572.0,3.0
15,26-01-2013,14.0,60.0,8.44,514.0,3.0
16,27-01-2013,12.0,66.0,8.44,510.0,2.4
17,29-01-2013,11.3,30.84,8.9,500.0,7.0
18,30-01-2013,21.0,13.0,8.13,330.0,3.6
19,31-01-2013,13.0,34.0,8.8,544.0,3.6
20,01-02-2013,14.0,30.35,8.42,504.0,3.6
21,07-02-2013,13.0,330.0,8.4,542.0,5.5
22,09-02-2013,13.0,202.0,8.35,496.0,3.6
23,12-02-2013,14.0,94.0,8.44,560.0,4.8
24,13-02-2013,12.0,89.0,8.25,338.0,2.5
25,14-02-2013,14.0,70.0,8.53,378.0,3.6
26,15-02-2013,13.5,74.7,8.42,404.0,3.7
27,16-02-2013,14.0,52.7,8.36,396.0,4.8
28,18-02-2013,13.0,60.0,8.46,438.0,4.8
29,19-02-2013,14.0,50.2,8.41,390.0,2.0
30,20-02-2013,12.0,55.2,8.24,342.0,2.3
31,22-02-2013,12.0,45.26,8.12,296.0,2.4
32,23-02-2013,13.0,49.15,8.4,370.0,3.3
33,26-02-2013,12.0,35.2,8.25,384.0,2.7
34,27-02-2013,12.0,40.7,8.3,360.0,2.1
35,28-02-2013,12.0,43.2,8.08,408.0,2.7
36,02-03-2013,13.0,48.0,8.15,426.0,2.8
37,03-03-2013,14.0,54.0,8.15,438.0,2.3
38,04-03-2013,13.0,38.0,8.25,498.0,2.8
39,06-03-2013,16.0,45.0,8.18,390.0,2.8
40,08-03-2013,16.0,42.0,8.35,438.0,2.7
41,11-03-2013,16.0,54.0,8.2,408.0,2.2
42,14-03-2013,17.0,98.0,8.35,378.0,3.9
43,19-03-2013,16.0,50.0,8.18,3398.0,2.4
44,20-03-2013,16.0,60.0,8.4,460.0,3.3
45,21-03-2013,15.0,54.0,8.1,428.0,3.2
46,22-03-2013,16.0,38.0,8.24,398.0,3.8
47,23-03-2013,16.0,48.0,8.3,454.0,2.9
48,24-03-2013,16.0,64.2,8.3,494.0,2.3
49,26-03-2013,16.0,64.2,8.9,418.0,2.9
50,27-03-2013,16.0,52.7,8.18,396.0,2.7
51,28-03-2013,16.0,63.0,8.25,418.0,2.3
52,29-03-2013,13.0,40.0,8.45,470.0,2.3
53,05-04-2013,14.0,8.0,8.2,307.0,3.1
54,07-04-2013,16.0,16.2,8.7,336.0,3.5
55,11-04-2013,18.7,7.2,8.54,465.0,5.0
56,12-04-2013,18.0,12.7,8.4,370.0,3.7
57,14-04-2013,19.0,16.78,8.36,364.0,4.6
58,15-04-2013,19.0,18.25,8.54,324.0,4.5
59,16-04-2013,20.0,14.76,8.4,338.0,4.7
60,17-04-2013,19.0,12.7,8.56,390.0,3.6
61,19-04-2013,20.0,8.2,8.2,310.0,2.1
62,20-04-2013,21.0,9.12,8.17,341.0,2.4
63,24-04-2013,19.0,13.7,8.3,460.0,3.7
64,25-04-2013,20.0,17.25,8.4,440.0,4.7
65,28-04-2013,20.0,10.3,8.36,490.0,4.8
66,30-04-2013,18.0,12.0,8.18,470.0,4.9
67,03-05-2013,19.0,13.2,8.21,496.0,4.2
68,07-05-2013,19.0,14.2,8.48,490.0,4.5
69,11-05-2013,21.5,8.0,8.4,430.0,2.6
70,14-05-2013,22.0,16.7,8.3,490.0,3.7
71,16-05-2013,20.0,19.7,8.14,426.0,4.2
72,17-05-2013,24.0,17.0,8.05,404.0,4.7
73,18-05-2013,23.0,20.0,8.7,414.0,4.5
74,21-05-2013,24.0,17.48,8.14,420.0,4.9
75,24-05-2013,24.0,12.7,8.2,390.0,3.7
76,27-05-2013,26.0,19.2,8.4,330.0,2.6
77,28-05-2013,24.0,16.7,8.15,446.0,3.4
78,30-05-2013,27.0,20.28,8.4,480.0,2.4
79,01-06-2013,24.0,23.2,8.24,448.0,4.6
80,02-06-2013,23.0,21.7,8.1,418.0,4.5
81,03-06-2013,24.0,22.0,8.56,448.0,4.9
82,04-06-2013,24.0,26.0,8.3,490.0,3.9
83,05-06-2013,24.0,21.2,8.46,310.0,2.6
84,08-06-2013,29.0,23.0,8.4,446.0,2.9
85,10-06-2013,26.0,25.12,8.31,240.0,2.9
86,11-06-2013,24.0,26.12,8.16,310.0,2.3
87,12-06-2013,26.0,24.2,8.4,290.0,2.4
88,14-06-2013,26.0,28.34,8.9,428.0,2.7
89,15-06-2013,26.0,30.7,8.15,394.0,2.6
90,17-06-2013,26.0,31.16,8.12,301.0,2.6
91,18-06-2013,26.0,33.16,8.94,310.0,2.6
92,19-06-2013,27.0,28.12,8.46,310.0,2.6
93,20-06-2013,28.0,33.26,8.37,400.0,3.6
94,21-06-2013,29.0,36.0,8.7,468.0,2.9
95,22-06-2013,29.0,32.0,8.15,430.0,3.4
96,23-06-2013,28.0,26.34,8.35,342.0,3.4
97,25-06-2013,24.0,29.25,8.3,470.0,2.6
98,27-06-2013,26.0,30.2,8.15,396.0,2.6
99,29-06-2013,26.0,102.0,8.9,432.0,3.3
100,01-07-2013,26.0,80.0,8.18,484.0,3.3
101,03-07-2013,26.0,60.0,8.4,398.0,3.9
102,04-07-2013,26.0,55.0,8.3,336.0,3.3
103,07-07-2013,30.0,60.0,8.2,360.0,3.7
104,08-07-2013,30.0,70.2,8.4,404.0,3.3
105,09-07-2013,30.0,127.0,8.51,450.0,3.9
106,12-07-2013,29.0,132.0,8.4,478.0,3.4
107,14-07-2013,29.0,70.0,8.4,460.0,3.9
108,16-07-2013,29.0,127.0,8.45,444.0,4.5
109,19-07-2013,29.0,60.0,8.45,390.0,4.9
110,22-07-2013,28.0,168.0,8.5,510.0,4.2
111,24-07-2013,29.0,136.0,8.3,470.0,4.5
112,25-07-2013,29.0,242.0,8.45,480.0,4.3
113,30-07-2013,29.0,53.0,8.35,376.0,4.9
114,02-08-2013,29.0,110.0,8.52,490.0,4.9
115,08-08-2013,27.0,50.0,8.35,338.0,4.3
116,10-08-2013,27.0,30.0,8.35,448.0,4.1
117,12-08-2013,28.0,48.0,8.5,490.0,4.4
118,15-08-2013,29.0,320.0,8.3,468.0,4.8
119,16-08-2013,29.0,205.0,8.78,490.0,4.5
120,18-08-2013,28.0,130.0,8.4,468.0,4.3
121,19-08-2013,28.0,114.0,8.25,396.0,4.8
122,21-08-2013,28.0,195.0,8.28,470.0,4.3
123,23-08-2013,28.0,90.0,8.2,470.0,4.9
124,24-08-2013,28.0,96.0,8.4,426.0,4.5
125,25-08-2013,28.0,78.0,8.3,448.0,4.8
126,28-08-2013,28.0,54.0,8.3,435.0,4.1
127,02-09-2013,28.0,42.0,8.3,418.0,4.5
128,03-09-2013,27.0,39.0,8.42,412.0,4.1
129,05-09-2013,27.0,38.0,8.21,434.0,4.7
130,06-09-2013,27.0,35.0,8.45,418.0,4.2
131,07-09-2013,27.0,32.0,8.2,414.0,4.5
132,09-09-2013,27.0,22.0,8.14,416.0,4.1
133,11-09-2013,27.0,40.0,8.35,440.0,3.9
134,16-09-2013,25.3,48.0,8.14,441.0,2.7
135,18-09-2013,25.0,41.2,8.4,412.0,2.6
136,19-09-2013,25.0,38.0,8.38,416.0,2.3
137,21-09-2013,26.0,30.0,8.23,446.0,3.9
138,23-09-2013,25.0,25.0,8.78,426.0,3.7
139,24-09-2013,25.3,26.16,8.49,430.0,3.4
140,25-09-2013,25.0,23.0,8.23,394.0,3.8
141,26-09-2013,26.0,20.0,8.21,442.0,3.2
142,30-09-2013,26.0,21.0,8.24,418.0,2.7
143,03-10-2013,26.0,9.2,8.85,551.0,2.3
144,05-10-2013,26.0,15.0,8.35,398.0,2.7
145,06-10-2013,26.0,10.0,8.1,420.0,3.1
146,07-10-2013,26.0,12.0,8.41,396.0,2.7
147,08-10-2013,26.0,15.0,8.14,436.0,2.2
148,11-10-2013,28.0,15.0,8.23,404.0,2.5
149,14-10-2013,28.0,18.2,8.2,458.0,3.5
150,16-10-2013,21.0,11.0,8.16,350.0,2.4
151,17-10-2013,22.0,11.2,8.2,340.0,2.4
152,18-10-2013,21.0,9.2,8.24,400.0,2.3
153,20-10-2013,20.0,17.0,8.11,402.0,2.6
154,21-10-2013,23.0,14.0,8.25,398.0,1.7
155,22-10-2013,23.1,16.0,8.13,436.0,1.6
156,23-10-2013,18.0,12.0,8.16,410.0,2.4
157,27-10-2013,21.0,19.0,8.41,460.0,2.1
158,28-10-2013,21.0,21.0,8.23,408.0,2.8
159,29-10-2013,21.0,20.0,8.28,460.0,2.1
160,01-11-2013,21.0,27.0,8.2,426.0,2.1
161,02-11-2013,20.0,31.0,8.48,460.0,2.9
162,28-11-2013,16.5,29.0,8.34,614.0,6.6
163,29-11-2013,15.8,30.0,8.29,390.0,4.5
164,30-11-2013,16.0,27.0,8.12,392.0,3.8
165,01-12-2013,16.0,29.0,8.16,396.0,3.9
166,03-12-2013,15.0,33.0,8.15,394.0,5.8
167,05-12-2013,15.0,28.0,8.18,406.0,5.7
168,06-12-2013,15.0,34.0,8.5,430.0,5.3
169,07-12-2013,15.0,31.0,8.21,372.0,5.8
170,08-12-2013,15.0,32.0,8.23,363.0,2.6
171,10-12-2013,14.8,33.0,8.4,380.0,5.8
172,11-12-2013,14.8,38.0,8.15,418.0,5.3
173,13-12-2013,13.9,32.0,8.42,382.0,5.8
174,15-12-2013,13.0,32.0,8.22,340.0,4.2
175,16-12-2013,14.0,32.0,8.3,380.0,4.9
176,20-12-2013,12.9,23.0,8.27,340.0,4.8
177,21-12-2013,12.7,21.0,8.18,368.0,4.3
178,23-12-2013,13.0,25.0,8.21,418.0,4.5
179,24-12-2013,13.0,28.0,8.3,425.0,4.1
180,25-12-2013,13.0,26.0,8.18,408.0,3.8
181,28-12-2013,11.0,23.0,8.4,436.0,4.5
182,29-12-2013,11.0,19.7,8.05,370.0,3.8
183,01-01-2014,10.0,26.0,8.42,460.0,4.5
184,02-01-2014,10.0,26.0,8.23,384.0,4.8
185,03-01-2014,10.0,28.0,8.45,456.0,4.3
186,06-01-2014,10.0,21.0,8.07,338.0,3.8
187,08-01-2014,10.0,23.0,8.27,328.0,3.9
188,09-01-2014,10.0,25.0,8.4,360.0,4.2
189,10-01-2014,10.0,21.0,8.1,388.0,3.8
190,11-01-2014,10.0,27.0,8.29,418.0,3.8
191,12-01-2014,11.0,23.0,8.41,410.0,2.6
192,13-01-2014,10.0,21.0,8.38,420.0,2.6
193,14-01-2014,11.0,20.0,8.4,412.0,2.8
194,15-01-2014,11.0,23.7,8.2,334.0,3.3
195,16-01-2014,11.0,18.0,8.41,386.0,3.5
196,17-01-2014,11.0,19.0,8.21,426.0,3.7
197,18-01-2014,11.0,22.0,8.41,342.0,3.6
198,19-01-2014,13.0,20.0,8.5,350.0,3.1
199,20-01-2014,11.0,18.2,8.3,386.0,3.5
200,21-01-2014,11.0,12.0,8.41,418.0,3.3
201,22-01-2014,12.5,15.0,8.9,340.0,3.8
202,23-01-2014,12.0,7.0,8.02,320.0,2.6
203,24-01-2014,11.0,15.0,8.4,398.0,2.8
204,25-01-2014,11.0,13.0,8.31,346.0,3.3
205,26-01-2014,12.3,8.12,8.12,360.0,2.6
206,27-01-2014,11.0,13.0,8.35,344.0,2.7
207,28-01-2014,21.0,11.0,8.09,318.0,3.4
208,29-01-2014,21.0,12.0,8.4,396.0,3.5
209,31-01-2014,21.0,17.0,8.42,356.0,3.4
210,01-02-2014,16.0,14.0,8.35,366.0,3.6
211,02-02-2014,16.0,12.8,8.28,360.0,2.8
212,03-02-2014,13.0,19.35,8.54,352.0,3.4
213,04-02-2014,13.0,13.0,8.15,390.0,3.7
214,05-02-2014,12.2,9.2,8.2,400.0,2.8
215,06-02-2014,13.0,14.0,8.48,362.0,3.7
216,07-02-2014,13.0,18.0,8.44,396.0,3.6
217,08-02-2014,14.0,16.0,8.26,368.0,3.3
218,09-02-2014,12.0,12.0,8.7,340.0,2.8
219,10-02-2014,12.0,17.0,8.32,392.0,3.3
220,11-02-2014,13.0,15.0,8.52,382.0,3.6
221,12-02-2014,13.0,14.0,8.34,356.0,3.5
222,13-02-2014,13.0,19.0,8.51,394.0,3.7
223,14-02-2014,13.0,18.0,8.23,346.0,3.5
224,15-02-2014,13.0,14.28,8.42,358.0,3.6
225,16-02-2014,13.0,18.0,8.9,394.0,3.5
226,17-02-2014,13.0,15.9,8.29,362.0,3.7
227,18-02-2014,13.0,20.0,8.44,398.0,3.8
228,19-02-2014,13.0,17.0,8.35,384.0,3.7
229,20-02-2014,13.0,13.8,8.7,410.0,3.6
230,21-02-2014,14.0,20.0,8.42,388.0,3.5
231,22-02-2014,14.0,17.9,8.22,328.0,3.2
232,23-02-2014,14.0,21.0,8.26,334.0,3.9
233,24-02-2014,15.0,20.0,8.43,370.0,3.7
234,25-02-2014,16.0,19.2,8.29,396.0,3.6
235,26-02-2014,14.0,17.0,8.4,360.0,3.8
236,27-02-2014,14.0,21.0,8.38,360.0,3.5
237,28-02-2014,15.0,19.0,8.22,398.0,3.7
238,01-03-2014,14.0,22.0,8.5,418.0,3.8
239,02-03-2014,15.0,19.0,8.26,394.0,3.4
240,03-03-2014,15.0,20.0,8.34,362.0,3.8
241,04-03-2014,15.0,18.0,8.4,340.0,3.6
242,05-03-2014,18.0,18.16,8.38,330.0,2.8
243,06-03-2014,20.0,16.0,8.4,344.0,3.1
244,07-03-2014,20.2,15.0,8.32,373.0,3.1
245,08-03-2014,11.8,8.02,8.15,395.0,2.8
246,09-03-2014,21.0,7.4,8.07,340.0,2.6
247,10-03-2014,21.4,8.2,8.16,338.0,2.8
248,11-03-2014,18.0,17.0,8.41,384.0,2.7
249,12-03-2014,14.0,18.0,8.54,326.0,3.6
250,13-03-2014,17.0,60.0,8.46,398.0,3.9
251,15-03-2014,17.0,67.0,8.32,404.0,3.2
252,16-03-2014,17.0,53.0,8.46,344.0,3.4
253,17-03-2014,17.0,45.0,8.24,362.0,3.7
254,19-03-2014,20.0,56.0,8.25,408.0,3.6
255,20-03-2014,20.0,84.0,8.47,392.0,3.3
256,21-03-2014,20.0,35.0,8.27,394.0,3.9
257,22-03-2014,20.0,32.0,8.38,360.0,3.6
258,23-03-2014,14.0,40.0,8.2,378.0,3.7
259,25-03-2014,16.0,27.0,8.14,334.0,3.7
260,26-03-2014,17.0,35.0,8.29,396.0,3.8
261,27-03-2014,16.0,43.0,8.32,348.0,3.3
262,28-03-2014,17.0,43.0,8.2,386.0,3.9
263,29-03-2014,17.0,48.0,8.84,398.0,3.8
264,30-03-2014,17.0,42.0,8.26,362.0,3.6
265,31-03-2014,20.0,35.0,8.32,384.0,3.3
266,01-04-2014,22.0,52.0,8.22,398.0,3.7
267,02-04-2014,22.0,46.0,8.32,390.0,3.6
268,03-04-2014,22.0,22.7,8.41,354.0,3.8
269,04-04-2014,23.0,28.0,8.2,336.0,3.4
270,05-04-2014,24.0,27.2,8.25,358.0,2.8
271,06-04-2014,21.0,21.53,8.23,352.0,2.3
272,07-04-2014,21.0,28.0,8.4,360.0,3.2
273,08-04-2014,22.0,30.0,8.18,390.0,3.5
274,09-04-2014,22.0,13.0,8.1,340.0,3.4
275,11-04-2014,20.0,17.0,8.3,390.0,2.3
276,12-04-2014,25.0,20.0,8.12,385.0,3.1
277,14-04-2014,19.0,20.0,8.33,342.0,3.3
278,15-04-2014,20.0,22.0,8.18,386.0,3.5
279,16-04-2014,22.0,25.0,8.3,356.0,3.6
280,17-04-2014,22.0,21.0,8.25,390.0,3.9
281,18-04-2014,21.0,18.0,8.14,346.0,3.6
282,19-04-2014,19.0,23.0,8.42,396.0,3.8
283,20-04-2014,19.0,25.0,8.38,372.0,3.5
284,21-04-2014,20.0,21.0,8.2,346.0,3.4
285,22-04-2014,19.0,20.0,8.14,368.0,3.8
286,24-04-2014,20.0,30.0,8.35,396.0,3.7
287,25-04-2014,20.0,28.0,8.32,384.0,3.6
288,26-04-2014,20.0,24.0,8.16,360.0,2.8
289,27-04-2014,20.0,28.0,8.41,396.0,3.3
290,28-04-2014,19.0,25.0,8.31,378.0,3.4
291,29-04-2014,25.0,30.0,8.28,374.0,3.4
292,30-04-2014,25.0,29.0,8.41,356.0,3.9
293,01-05-2014,28.0,28.0,8.15,396.0,3.5
294,02-05-2014,28.0,25.0,8.35,370.0,3.6
295,03-05-2014,28.0,11.0,8.22,372.0,3.3
296,04-05-2014,28.0,22.0,8.4,386.0,3.8
297,05-05-2014,28.0,27.0,8.22,364.0,3.7
298,06-05-2014,28.0,30.0,8.15,382.0,3.5
299,07-05-2014,28.0,35.0,8.41,398.0,3.9
300,08-05-2014,28.0,27.0,8.21,384.0,3.5
301,09-05-2014,29.0,22.0,8.1,372.0,3.4
302,10-05-2014,29.0,35.0,8.27,438.0,3.8
303,11-05-2014,29.0,32.0,8.3,430.0,2.6
304,13-05-2014,29.0,27.0,8.2,430.0,3.1
305,14-05-2014,30.0,24.0,8.14,396.0,2.9
306,15-05-2014,30.0,26.0,8.18,360.0,2.6
307,16-05-2014,28.0,24.0,8.2,340.0,2.8
308,17-05-2014,29.0,26.0,8.16,360.0,2.8
309,18-05-2014,30.0,24.0,8.2,340.0,2.8
310,19-05-2014,30.0,28.0,8.12,370.0,2.1
311,20-05-2014,30.0,25.0,8.3,360.0,2.8
312,21-05-2014,30.0,26.0,8.18,360.0,2.8
313,22-05-2014,28.0,30.0,8.46,460.0,2.2
314,23-05-2014,30.0,28.0,8.14,360.0,1.8
315,24-05-2014,30.0,26.0,8.2,330.0,2.3
316,25-05-2014,28.0,26.0,8.12,360.0,2.8
317,26-05-2014,28.0,29.0,8.18,344.0,2.4
318,27-05-2014,28.0,40.0,8.33,372.0,3.3
319,28-05-2014,28.0,22.0,8.15,396.0,3.6
320,29-05-2014,28.0,26.0,8.2,360.0,2.2
321,30-05-2014,28.0,29.0,8.32,394.0,2.9
322,31-05-2014,28.0,26.0,8.19,364.0,3.7
323,01-06-2014,28.0,33.0,8.24,394.0,3.8
324,02-06-2014,22.0,26.0,8.11,380.0,3.4
325,03-06-2014,28.0,22.0,8.23,392.0,3.6
326,04-06-2014,28.0,20.0,8.31,374.0,3.5
327,05-06-2014,20.0,25.0,8.16,392.0,3.8
328,06-06-2014,28.0,28.0,8.27,374.0,3.7
329,07-06-2014,28.0,29.0,8.31,344.0,3.8
330,08-06-2014,28.0,22.0,8.14,350.0,2.8
331,09-06-2014,28.0,29.0,8.2,360.0,3.8
332,10-06-2014,28.0,22.0,8.15,340.0,3.4
333,11-06-2014,28.0,20.0,8.25,388.0,3.7
334,12-06-2014,28.0,25.0,8.33,378.0,3.6
335,13-06-2014,28.0,20.0,8.15,396.0,3.5
336,14-06-2014,28.0,26.0,8.23,390.0,3.9
337,15-06-2014,28.0,23.0,8.22,388.0,3.5
338,16-06-2014,28.0,20.0,8.35,368.0,3.8
339,17-06-2014,28.0,22.0,8.22,392.0,3.5
340,18-06-2014,26.0,26.0,7.38,444.0,3.8
341,19-06-2014,26.0,23.0,8.08,440.0,3.4
342,20-06-2014,26.0,18.0,8.18,398.0,3.5
343,21-06-2014,26.0,23.0,8.25,420.0,3.8
344,22-06-2014,24.0,16.0,8.32,476.0,2.9
345,23-06-2014,22.0,18.0,8.16,456.0,2.6
346,24-06-2014,23.0,21.0,8.35,398.0,3.6
347,25-06-2014,23.0,18.0,3.27,394.0,3.9
348,26-06-2014,23.0,20.0,8.09,398.0,3.8
349,27-06-2014,23.0,18.0,8.24,416.0,3.2
350,28-06-2014,23.0,16.0,8.08,436.0,3.5
351,29-06-2014,24.0,19.0,8.23,348.0,3.6
352,30-06-2014,24.0,21.0,8.3,374.0,3.6
353,01-07-2014,25.0,20.0,8.06,404.0,3.6
354,02-07-2014,25.0,25.0,8.22,436.0,3.8
355,03-07-2014,25.0,19.0,8.07,408.0,3.6
356,04-07-2014,25.0,21.0,8.1,442.0,3.4
357,05-07-2014,26.0,25.0,8.15,435.0,3.5
358,06-07-2014,26.0,22.0,8.25,432.0,3.6
359,07-07-2014,26.0,19.0,8.22,398.0,3.7
360,08-07-2014,27.0,16.0,8.16,360.0,3.2
361,09-07-2014,27.0,18.0,8.35,398.0,3.7
362,10-07-2014,29.0,21.0,8.41,410.0,3.4
363,11-07-2014,28.0,17.0,8.19,436.0,3.8
364,12-07-2014,28.0,20.0,8.32,396.0,3.8
365,13-07-2014,28.0,25.0,8.15,368.0,3.3
366,14-07-2014,28.0,28.0,8.44,408.0,3.9
367,15-07-2014,28.0,22.0,8.23,370.0,3.6
368,16-07-2014,27.0,25.0,8.25,408.0,3.8
369,17-07-2014,27.0,19.0,8.41,386.0,3.4
370,18-07-2014,27.0,25.0,8.32,396.0,3.8
371,19-07-2014,26.0,23.0,8.11,410.0,3.6
372,20-07-2014,28.0,22.0,8.7,424.0,3.7
373,21-07-2014,27.0,28.0,8.25,548.0,3.3
374,22-07-2014,27.0,23.0,8.4,448.0,3.6
375,23-07-2014,27.0,20.0,8.22,396.0,3.7
376,24-07-2014,26.0,30.0,8.22,374.0,3.8
377,25-07-2014,26.0,26.0,8.15,396.0,3.5
378,26-07-2014,26.0,22.0,8.18,410.0,2.9
379,27-07-2014,26.0,25.0,8.12,440.0,2.3
380,28-07-2014,26.0,23.0,8.15,428.0,3.2
381,29-07-2014,26.0,25.0,8.35,406.0,3.6
382,30-07-2014,26.0,28.0,8.28,430.0,3.7
383,31-07-2014,27.0,20.0,8.19,386.0,3.3
384,01-08-2014,27.0,23.0,8.32,396.0,3.6
385,02-08-2014,27.0,25.0,8.1,402.0,3.5
386,03-08-2014,27.0,20.0,8.26,420.0,3.6
387,04-08-2014,28.0,26.0,8.46,410.0,2.7
388,05-08-2014,28.0,23.0,8.15,436.0,3.5
389,06-08-2014,27.0,25.0,8.23,396.0,3.6
390,07-08-2014,27.0,22.0,8.25,426.0,3.3
391,08-08-2014,27.0,21.0,8.14,396.0,3.4
392,09-08-2014,26.0,25.0,8.3,406.0,3.7
393,10-08-2014,26.0,27.0,8.38,396.0,3.5
394,12-08-2014,28.0,27.0,8.31,474.0,3.3
395,13-08-2014,29.0,29.0,8.51,460.0,3.4
396,14-08-2014,29.0,26.0,8.25,392.0,3.6
397,15-08-2014,28.0,20.0,8.16,408.0,3.2
398,16-08-2014,28.0,23.0,8.35,420.0,3.6
399,17-08-2014,28.0,30.0,8.26,438.0,3.3
400,18-08-2014,28.0,29.0,8.25,416.0,3.6
401,19-08-2014,28.0,27.0,8.35,392.0,3.2
402,20-08-2014,29.0,30.0,8.51,412.0,3.4
403,21-08-2014,29.0,28.0,8.2,386.0,3.6
404,22-08-2014,29.0,25.0,8.23,438.0,3.6
405,23-08-2014,29.0,28.0,8.32,404.0,3.5
406,24-08-2014,29.0,27.0,8.32,430.0,3.6
407,25-08-2014,29.0,30.0,8.22,448.0,3.3
408,26-08-2014,29.0,26.0,8.2,396.0,3.7
409,27-08-2014,29.0,27.0,8.29,382.0,3.6
410,28-08-2014,29.0,30.0,8.41,406.0,3.5
411,29-08-2014,29.0,31.0,8.42,452.0,3.9
412,30-08-2014,29.0,27.0,8.32,416.0,3.5
413,31-08-2014,29.0,30.0,8.22,412.0,3.7
414,01-09-2014,29.0,32.0,8.41,442.0,3.3
415,02-09-2014,29.0,33.0,8.34,438.0,3.8
416,03-09-2014,29.0,45.0,8.38,470.0,3.4
417,04-09-2014,28.0,42.0,8.3,418.0,3.6
418,05-09-2014,26.0,145.0,8.15,401.0,3.7
419,06-09-2014,26.0,75.0,8.23,362.0,3.4
420,07-09-2014,27.0,70.0,8.41,396.0,3.5
421,08-09-2014,27.0,60.0,8.18,364.0,3.7
422,10-09-2014,27.0,70.0,8.3,428.0,3.5
423,11-09-2014,27.0,52.0,8.3,460.0,3.9
424,12-09-2014,27.0,47.0,8.27,426.0,3.5
425,13-09-2014,27.0,58.0,8.3,458.0,3.8
426,14-09-2014,27.0,46.0,8.36,398.0,3.5
427,15-09-2014,27.0,42.0,8.24,384.0,3.7
428,16-09-2014,27.0,38.0,8.36,416.0,3.8
429,17-09-2014,27.0,40.0,8.18,430.0,3.6
430,18-09-2014,27.0,43.0,8.34,442.0,3.7
431,19-09-2014,27.0,35.0,8.14,396.0,3.8
432,20-09-2014,27.0,32.0,8.26,418.0,3.5
433,21-09-2014,27.0,28.0,8.09,400.0,3.1
434,22-09-2014,27.0,26.0,8.28,446.0,2.6
435,23-09-2014,27.0,25.3,8.09,396.0,3.4
436,24-09-2014,27.0,28.0,8.31,402.0,3.6
437,25-09-2014,27.0,22.0,8.42,436.0,3.4
438,26-09-2014,27.0,20.0,8.24,392.0,3.8
439,27-09-2014,27.0,22.0,8.22,424.0,3.4
440,28-09-2014,27.0,23.0,8.28,440.0,2.7
441,29-09-2014,24.7,18.0,7.96,351.0,3.7
442,30-09-2014,24.0,18.0,8.1,372.0,3.3
443,01-10-2014,24.0,22.0,8.24,396.0,3.6
444,02-10-2014,24.0,19.0,8.31,378.0,3.5
445,03-10-2014,24.0,20.0,8.19,396.0,3.6
446,04-10-2014,24.4,18.0,7.91,630.0,3.3
447,05-10-2014,25.3,21.0,7.86,540.0,3.1
448,06-10-2014,25.0,18.0,7.46,570.0,2.9
449,07-10-2014,25.0,21.0,7.98,540.0,2.1
450,08-10-2014,25.0,20.0,7.86,600.0,2.9
451,09-10-2014,25.0,18.0,8.01,598.0,3.4
452,10-10-2014,25.0,22.0,7.96,610.0,2.4
453,11-10-2014,25.0,18.0,7.85,596.0,2.7
454,12-10-2014,25.0,20.0,7.9,590.0,2.6
455,13-10-2014,24.0,17.0,8.08,586.0,2.8
456,14-10-2014,24.0,22.0,7.92,620.0,2.4
457,15-10-2014,23.0,19.0,7.84,596.0,2.8
458,16-10-2014,23.0,16.0,8.1,638.0,2.9
459,17-10-2014,22.0,16.0,7.64,564.0,2.5
460,18-10-2014,22.0,21.0,7.88,670.0,2.8
461,19-10-2014,24.0,20.0,7.4,600.0,2.4
462,20-10-2014,23.0,23.4,7.92,630.0,2.8
463,21-10-2014,22.9,15.2,7.83,624.0,2.9
464,22-10-2014,22.0,20.0,7.93,656.0,2.3
465,23-10-2014,22.0,19.0,7.6,560.0,2.9
466,24-10-2014,22.0,16.0,7.84,638.0,3.2
467,25-10-2014,21.0,18.0,8.18,786.0,3.6
468,26-10-2014,21.0,20.0,7.99,580.0,2.9
469,27-10-2014,21.0,22.0,7.86,548.0,2.5
470,28-10-2014,21.0,19.0,7.72,596.0,2.8
471,29-10-2014,21.0,17.0,7.35,570.0,2.5
472,30-10-2014,21.0,22.0,7.82,610.0,2.9
473,31-10-2014,21.0,16.0,7.44,560.0,2.8
474,01-11-2014,21.0,18.0,7.56,584.0,2.6
475,02-11-2014,21.0,19.0,7.86,512.0,2.8
476,03-11-2014,21.0,20.0,7.95,540.0,3.4
477,04-11-2014,21.0,18.0,7.71,500.0,2.8
478,05-11-2014,21.0,22.0,7.93,566.0,2.5
479,06-11-2014,20.0,20.0,7.45,592.0,2.8
480,07-11-2014,20.0,16.0,7.54,546.0,2.8
481,08-11-2014,20.0,21.0,7.95,644.0,2.7
482,09-11-2014,20.0,23.0,7.32,596.0,2.8
483,10-11-2014,20.0,19.0,7.43,562.0,2.5
484,11-11-2014,20.0,22.0,7.6,584.0,2.8
485,12-11-2014,20.0,24.0,7.46,598.0,2.2
486,13-11-2014,20.0,18.0,7.33,546.0,2.8
487,14-11-2014,20.0,17.0,7.35,596.0,2.5
488,15-11-2014,20.0,18.0,7.4,500.0,2.8
489,16-11-2014,20.0,21.0,7.27,538.0,2.5
490,17-11-2014,170.0,16.2,8.38,546.0,2.8
491,18-11-2014,17.0,16.2,8.18,718.0,2.4
492,19-11-2014,16.9,17.32,8.01,604.0,2.4
493,20-11-2014,16.0,14.2,7.99,548.0,2.8
494,21-11-2014,16.0,18.0,7.82,584.0,2.7
495,22-11-2014,16.0,20.0,7.48,538.0,2.9
496,23-11-2014,16.0,18.0,7.49,543.0,2.9
497,24-11-2014,16.0,17.0,7.68,588.0,2.8
498,25-11-2014,16.0,15.0,7.93,596.0,2.4
499,26-11-2014,16.0,18.0,7.44,566.0,2.7
500,27-11-2014,16.0,20.0,7.86,598.0,2.5
501,28-11-2014,15.0,17.0,7.92,630.0,2.7
502,29-11-2014,15.7,16.0,8.24,520.0,2.5
503,30-11-2014,15.0,17.0,8.28,518.0,2.8
504,01-12-2014,15.0,15.3,8.28,572.0,2.6
505,02-12-2014,15.0,19.0,8.14,614.0,2.7
506,03-12-2014,15.0,16.0,8.28,754.0,2.6
507,04-12-2014,15.0,18.0,8.3,700.0,2.4
508,05-12-2014,15.0,22.0,7.82,638.0,2.8
509,06-12-2014,14.0,17.0,8.22,606.0,2.7
510,07-12-2014,15.0,20.0,8.25,590.0,2.3
511,08-12-2014,14.0,16.0,8.33,790.0,2.8
512,09-12-2014,14.0,18.13,8.15,680.0,2.6
513,10-12-2014,14.0,16.48,8.47,610.0,2.5
514,11-12-2014,14.0,19.0,8.25,684.0,2.6
515,12-12-2014,14.0,16.0,8.35,596.0,2.8
516,13-12-2014,13.0,20.0,7.96,656.0,2.6
517,14-12-2014,13.0,22.0,7.45,698.0,2.8
518,15-12-2014,13.0,17.0,7.6,618.0,2.4
519,16-12-2014,13.0,23.0,7.65,546.0,2.5
520,17-12-2014,13.0,25.0,7.48,638.0,2.7
521,18-12-2014,13.0,21.0,7.88,656.0,2.6
522,19-12-2014,13.0,27.0,7.32,592.0,2.3
523,20-12-2014,13.0,23.0,7.29,684.0,2.5
524,21-12-2014,13.0,20.0,7.25,650.0,2.4
525,22-12-2014,13.0,18.0,7.2,666.0,2.4
526,23-12-2014,13.0,16.0,7.35,630.0,2.7
527,24-12-2014,13.0,22.0,7.54,680.0,2.4
528,25-12-2014,13.0,19.0,7.31,590.0,2.8
529,26-12-2014,13.0,18.0,7.28,550.0,2.6
530,27-12-2014,13.0,17.0,7.46,510.0,3.4
531,28-12-2014,13.0,19.0,7.77,573.0,2.9
532,29-12-2014,13.0,25.0,7.32,596.0,2.6
533,30-12-2014,13.0,24.0,7.25,626.0,2.8
534,31-12-2014,13.0,21.0,7.6,646.0,2.2
535,20-03-2017,17.0,25.0,7.39,632.0,3.6
536,21-03-2017,18.0,27.0,7.45,684.0,3.2
537,22-03-2017,18.0,23.0,7.39,650.0,3.4
538,23-03-2017,18.0,21.0,7.31,645.0,3.3
539,24-03-2017,18.0,23.0,7.34,630.0,3.3
540,25-03-2017,18.0,21.0,7.3,670.0,3.4
541,26-03-2017,18.0,25.0,7.37,622.0,3.8
542,27-03-2017,18.0,27.0,7.15,738.0,3.4
543,28-03-2017,18.0,27.0,7.45,692.0,3.8
544,29-03-2017,18.0,20.0,7.7,680.0,3.7
545,30-03-2017,18.0,27.0,7.45,692.0,3.5
546,31-03-2017,20.0,25.0,7.14,534.0,3.7
547,01-04-2017,21.0,22.0,7.39,540.0,3.5
548,02-04-2017,21.0,26.0,7.41,492.0,3.7
549,03-04-2017,21.0,23.0,7.31,534.0,3.2
550,04-04-2017,21.0,27.0,7.43,592.0,3.8
551,05-04-2017,22.0,29.0,9.73,536.0,3.7
552,07-04-2017,22.0,21.0,7.27,498.0,3.8
553,08-04-2017,22.0,27.0,7.59,522.0,3.6
554,09-04-2017,22.0,29.0,7.19,564.0,3.7
555,10-04-2017,22.0,20.0,7.45,632.0,3.9
556,11-04-2017,22.0,23.0,7.84,746.0,3.3
557,12-04-2017,22.0,20.0,7.15,718.0,3.7
558,13-04-2017,22.0,23.0,7.44,784.0,3.9
559,14-04-2017,23.0,27.0,7.49,758.0,3.6
560,15-04-2017,23.0,21.0,7.7,714.0,3.3
561,17-04-2017,23.0,25.0,7.44,692.0,3.8
562,18-04-2017,23.0,27.0,7.19,726.0,3.8
563,19-04-2017,23.0,22.0,7.45,870.0,3.7
564,21-04-2017,23.0,32.0,7.48,736.0,3.7
565,22-04-2017,23.0,21.0,7.59,592.0,3.4
566,23-04-2017,23.0,26.0,7.18,622.0,3.3
567,25-04-2017,23.0,30.0,7.64,748.0,3.8
568,28-04-2017,23.0,23.0,7.45,544.0,3.2
569,29-04-2017,19.0,13.0,7.18,316.0,4.4
570,30-04-2017,19.0,15.0,7.45,372.0,4.6
571,02-05-2017,20.0,25.0,7.39,432.0,3.8
572,11-05-2017,21.0,18.0,7.31,532.0,3.7
573,12-05-2017,21.0,17.0,7.44,538.0,3.4
574,13-05-2017,21.0,19.0,7.37,570.0,3.7
575,14-05-2017,21.0,16.0,7.3,563.0,3.2
576,15-05-2017,21.0,15.0,7.44,550.0,3.4
577,16-05-2017,2.0,18.0,7.75,531.0,3.2
578,18-05-2017,20.0,17.0,7.2,560.0,3.3
579,19-05-2017,20.0,15.0,7.25,555.0,3.4
580,23-05-2017,22.0,23.0,7.45,546.0,3.7
581,24-05-2017,22.0,21.0,7.15,542.0,3.4
582,25-05-2017,21.0,17.0,7.32,432.0,3.3
583,26-05-2017,24.0,25.0,7.29,540.0,3.2
584,27-05-2017,24.0,20.0,7.49,636.0,3.8
585,28-05-2017,24.0,16.0,7.3,612.0,3.3
586,29-05-2017,25.0,19.0,7.45,636.0,3.8
587,30-05-2017,20.0,21.0,7.21,614.0,3.3
588,31-05-2017,26.0,23.0,7.49,642.0,4.3
589,01-06-2017,26.0,20.0,7.15,652.0,4.4
590,02-06-2017,26.0,24.0,7.41,602.0,4.3
591,03-06-2017,26.0,26.0,7.22,640.0,4.8
592,05-06-2017,27.0,21.0,7.53,590.0,4.7
593,06-06-2017,27.0,21.0,7.53,496.0,4.2
594,07-06-2017,27.0,27.0,7.37,544.0,4.3
595,11-06-2017,26.0,18.0,7.37,634.0,3.9
596,12-06-2017,26.0,20.0,7.21,624.0,4.8
597,15-06-2017,26.0,19.0,7.21,610.0,3.1
598,18-06-2017,27.0,16.0,7.2,546.0,3.4
599,19-06-2017,23.0,20.0,7.32,624.0,3.8
600,20-06-2017,23.0,26.0,7.19,642.0,3.2
601,21-06-2017,23.0,21.0,7.45,732.0,3.6
602,22-06-2017,23.0,23.0,7.57,652.0,3.3
603,23-06-2017,23.0,21.0,4.33,592.0,3.8
604,24-06-2017,24.0,27.0,7.57,540.0,4.8
605,25-06-2017,25.0,23.0,7.19,562.0,5.8
606,26-06-2017,25.0,28.0,7.35,528.0,5.9
607,27-06-2017,25.0,20.0,7.53,592.0,6.4
608,28-06-2017,24.0,23.0,7.62,514.0,6.9
609,29-06-2017,26.0,41.0,7.22,514.0,6.7
610,30-06-2017,26.0,38.0,7.24,384.0,6.8
611,01-07-2017,26.0,30.0,7.59,428.0,5.9
612,02-07-2017,26.0,32.0,7.15,480.0,5.4
613,03-07-2017,27.0,29.0,7.37,438.0,5.8
614,04-07-2017,27.0,26.0,7.49,438.0,4.8
615,05-07-2017,27.0,22.0,7.15,532.0,4.3
616,06-07-2017,27.0,28.0,7.32,590.0,4.8
617,07-07-2017,27.0,20.0,7.21,532.0,4.7
618,08-07-2017,27.0,25.0,7.34,570.0,4.4
619,09-07-2017,27.0,29.0,7.15,524.0,3.8
620,10-07-2017,26.0,22.0,7.16,560.0,3.6
621,12-07-2017,23.0,78.0,7.28,526.0,3.1
622,13-07-2017,22.0,306.0,7.26,584.0,3.9
623,14-07-2017,26.0,312.0,7.18,534.0,3.7
624,15-07-2017,28.0,170.0,7.18,292.0,1.7
625,16-07-2017,30.0,95.0,7.45,332.0,1.8
626,17-07-2017,28.0,65.0,7.35,570.0,1.3
627,18-07-2017,28.0,58.0,7.29,492.0,1.5
628,19-07-2017,28.0,47.0,7.18,480.0,1.7
629,21-07-2017,27.0,35.0,7.55,454.0,1.8
630,22-07-2017,27.0,29.0,7.15,392.0,1.6
631,23-07-2017,26.0,26.0,7.45,374.0,1.4
632,25-07-2017,26.0,29.0,7.32,432.0,2.6
633,26-07-2017,26.0,25.0,7.51,344.0,2.1
634,27-07-2017,26.0,27.0,7.22,392.0,2.3
635,28-07-2017,26.0,21.0,7.14,648.0,2.0
636,29-07-2017,26.0,25.0,7.37,510.0,1.7
637,30-07-2017,26.0,540.0,7.27,410.0,2.1
638,31-07-2017,27.0,295.0,7.2,423.0,2.4
639,01-08-2017,26.0,123.0,7.16,398.0,2.7
640,02-08-2017,27.0,120.0,7.24,410.0,2.2
641,04-08-2017,28.0,67.0,7.23,416.0,2.1
642,06-08-2017,28.0,37.0,7.22,396.0,1.7
643,07-08-2017,28.0,28.0,7.18,404.0,1.7
644,08-08-2017,28.0,18.0,7.23,368.0,1.3
645,09-08-2017,26.0,16.0,7.2,374.0,1.4
646,10-08-2017,28.0,650.0,7.18,390.0,1.9
647,11-08-2017,28.0,122.0,7.11,410.0,1.8
648,12-08-2017,28.0,85.0,7.2,416.0,1.9
649,13-08-2017,28.0,60.0,7.14,406.0,1.6
650,14-08-2017,28.0,30.0,7.3,390.0,2.3
651,15-08-2017,28.0,19.0,7.16,370.0,1.9
652,16-08-2017,28.0,17.0,7.27,391.0,1.7
653,17-08-2017,28.0,15.0,7.18,385.0,1.1
654,18-08-2017,28.0,18.0,7.39,420.0,1.3
655,19-08-2017,28.0,16.0,7.15,392.0,1.6
656,20-08-2017,28.0,14.0,7.11,374.0,1.9
657,21-08-2017,28.0,18.0,7.29,418.0,1.7
658,22-08-2017,28.0,15.0,7.45,442.0,2.2
659,23-08-2017,28.0,17.0,7.19,398.0,2.5
660,26-08-2017,28.0,27.0,7.62,370.0,3.9
661,27-08-2017,28.0,33.0,7.18,400.0,3.1
662,28-08-2017,28.0,38.0,7.42,382.0,3.3
663,29-08-2017,28.0,31.0,7.19,344.0,3.8
664,31-08-2017,28.0,22.0,7.45,428.0,3.3
665,01-09-2017,28.0,20.0,7.2,416.0,3.2
666,02-09-2017,28.0,18.0,7.16,420.0,3.4
667,03-09-2017,28.0,17.0,7.12,401.0,3.7
668,04-09-2017,26.0,18.0,7.18,435.0,3.4
669,05-09-2017,26.0,15.0,7.16,420.0,3.9
670,07-09-2017,26.0,12.0,7.4,416.0,3.9
671,08-09-2017,26.0,17.0,7.51,431.0,3.9
672,09-09-2017,26.0,16.0,7.34,412.0,3.4
673,11-09-2017,25.0,39.0,7.7,448.0,3.2
674,14-09-2017,25.0,25.0,7.39,362.0,3.7
675,16-09-2017,23.0,15.0,7.23,408.0,3.1
676,18-09-2017,22.0,16.0,7.39,398.0,3.0
677,19-09-2017,22.0,12.0,7.25,420.0,3.6
678,20-09-2017,24.0,15.0,7.29,392.0,3.2
679,22-09-2017,27.0,18.0,7.18,298.0,3.8
680,24-09-2017,27.0,8.0,7.11,310.0,3.6
681,25-09-2017,25.0,15.0,7.31,356.0,3.2
682,26-09-2017,23.0,11.0,7.39,384.0,3.1
683,27-09-2017,23.0,10.0,7.13,328.0,3.7
684,28-09-2017,23.0,15.0,7.31,340.0,3.1
685,01-10-2017,22.0,16.0,7.2,342.0,3.2
686,02-10-2017,22.0,18.0,7.42,318.0,3.5
687,03-10-2017,22.0,18.0,7.52,392.0,3.0
688,04-10-2017,22.0,15.0,7.22,362.0,3.2
689,05-10-2017,22.0,12.0,7.41,422.0,3.1
690,07-10-2017,22.0,17.0,7.41,350.0,3.4
691,09-10-2017,22.0,15.0,7.18,340.0,3.1
692,10-10-2017,22.0,13.0,7.45,370.0,2.8
693,11-10-2017,22.0,12.0,7.48,372.0,3.5
694,12-10-2017,22.0,9.0,7.3,407.0,3.6
695,13-10-2017,23.0,14.0,7.52,356.0,3.2
696,14-10-2017,23.0,11.0,7.34,384.0,3.6
697,16-10-2017,22.0,10.0,7.29,340.0,3.3
698,18-10-2017,22.0,13.0,7.47,390.0,3.3
699,19-10-2017,23.0,15.0,7.14,344.0,3.7
700,20-10-2017,23.0,12.0,7.59,432.0,3.2
701,21-10-2017,23.0,17.0,7.28,398.0,3.3
702,23-10-2017,23.0,10.0,7.39,360.0,3.5
703,25-10-2017,23.0,11.0,7.36,390.0,3.1
704,27-10-2017,23.0,13.0,7.32,324.0,3.2
705,28-10-2017,23.0,15.0,7.45,384.0,3.8
706,30-10-2017,23.0,17.0,7.22,328.0,3.4
707,31-10-2017,22.0,12.0,7.42,432.0,3.7
708,01-11-2017,22.0,13.0,7.14,396.0,3.2
709,03-11-2017,20.0,18.0,7.29,346.0,3.2
710,04-11-2017,20.0,15.0,7.1,362.0,3.4
711,05-11-2017,20.0,11.0,7.1,370.0,3.6
712,06-11-2017,22.0,13.0,7.23,396.0,3.0
713,07-11-2017,21.0,15.0,7.52,338.0,3.3
714,08-11-2017,21.0,13.0,7.39,384.0,3.2
715,09-11-2017,21.0,18.0,7.19,422.0,3.5
716,10-11-2017,21.0,19.0,7.14,346.0,3.2
717,11-11-2017,21.0,16.0,7.11,400.0,3.3
718,12-11-2017,21.0,14.0,7.16,416.0,3.2
719,13-11-2017,20.0,14.0,7.12,418.0,3.3
720,15-11-2017,18.0,21.0,7.2,390.0,3.4
721,16-11-2017,18.0,19.0,7.18,416.0,3.6
722,17-11-2017,22.0,22.0,7.25,408.0,3.2
723,18-11-2017,22.0,20.0,7.2,400.0,3.4
724,19-11-2017,22.0,18.0,7.16,390.0,3.3
725,20-11-2017,21.0,15.0,7.8,372.0,3.1
726,22-11-2017,20.0,13.0,7.24,414.0,3.1
727,23-11-2017,20.0,19.0,7.49,448.0,3.5
728,28-11-2017,20.0,12.0,7.63,442.0,3.5
729,29-11-2017,19.0,15.0,7.69,364.0,3.2
730,30-11-2017,19.0,20.0,7.35,398.0,3.0
731,02-12-2017,20.0,17.0,7.25,392.0,3.1
732,03-12-2017,20.0,13.0,7.45,348.0,3.4
733,05-12-2017,20.0,18.0,7.59,432.0,3.1
734,06-12-2017,18.0,14.0,7.15,360.0,3.2
735,07-12-2017,16.0,19.0,7.41,314.0,3.1
736,08-12-2017,13.0,16.0,7.45,362.0,3.5
737,09-12-2017,13.0,22.0,7.54,392.0,3.5
738,10-12-2017,13.0,18.0,7.5,415.0,3.3
739,11-12-2017,15.0,23.0,7.19,470.0,3.2
740,12-12-2017,15.0,22.0,7.41,398.0,3.1
741,13-12-2017,15.0,27.0,7.33,460.0,3.5
742,14-12-2017,14.0,81.0,7.62,548.0,3.2
743,15-12-2017,15.0,67.0,7.3,445.0,3.3
744,16-12-2017,15.0,35.0,7.25,441.0,3.2
745,17-12-2017,15.0,18.0,7.2,433.0,3.4
746,18-12-2017,14.0,20.0,7.92,470.0,3.2
747,19-12-2017,14.0,25.0,7.53,412.0,3.2
748,20-12-2017,13.0,27.9,7.42,392.0,3.3
749,21-12-2017,13.0,22.0,7.33,428.0,3.2
750,22-12-2017,14.0,29.0,7.52,492.0,3.2
751,23-12-2017,14.0,22.0,7.14,344.0,3.2
752,25-12-2017,16.0,20.0,7.12,350.0,3.1
753,26-12-2017,20.0,13.0,7.59,342.0,3.3
754,27-12-2017,14.0,29.0,7.18,370.0,3.1
755,28-12-2017,14.0,22.0,7.64,390.0,3.3
756,29-12-2017,16.0,16.0,7.2,340.0,3.1
757,30-12-2017,15.0,18.0,7.49,368.0,3.2
758,31-12-2017,15.0,16.0,7.4,350.0,3.4
759,01-01-2018,15.0,19.0,7.49,504.0,3.3
760,02-01-2018,15.0,23.0,7.64,396.0,3.6
761,03-01-2018,15.0,25.0,7.4,446.0,3.2
762,04-01-2018,15.0,19.0,7.53,472.0,3.3
763,05-01-2018,15.0,22.0,7.23,422.0,3.2
764,06-01-2018,14.0,16.0,7.2,420.0,2.9
765,07-01-2018,14.0,18.0,7.95,402.0,2.4
766,08-01-2018,14.0,20.0,7.73,348.0,2.2
767,10-01-2018,15.0,25.0,7.39,410.0,2.3
768,11-01-2018,14.0,18.0,7.7,350.0,2.4
769,12-01-2018,15.0,27.0,7.33,340.0,2.5
770,13-01-2018,15.0,30.0,7.64,364.0,2.4
771,14-01-2018,15.0,18.0,7.6,350.0,2.2
772,15-01-2018,15.0,18.0,7.5,354.0,2.3
773,16-01-2018,14.0,22.0,7.73,392.0,2.1
774,17-01-2018,14.0,20.0,7.4,600.0,2.2
775,18-01-2018,13.0,24.0,7.71,340.0,2.8
776,19-01-2018,13.0,21.0,7.15,392.0,3.4
777,20-01-2018,14.0,23.0,7.45,524.0,2.4
778,21-01-2018,14.0,18.0,7.4,612.0,2.6
779,22-01-2018,14.0,23.0,7.74,728.0,2.3
780,23-01-2018,15.0,20.0,7.36,646.0,2.3
781,24-01-2018,15.0,24.0,7.17,436.0,2.1
782,25-01-2018,14.0,26.0,7.14,418.0,2.4
783,26-01-2018,14.0,21.0,7.37,372.0,2.2
784,27-01-2018,12.0,23.0,7.98,328.0,2.5
785,28-01-2018,14.0,18.0,7.3,388.0,3.5
786,29-01-2018,14.0,21.0,7.9,360.0,2.3
787,30-01-2018,14.0,23.0,7.92,384.0,2.4
788,31-01-2018,13.0,22.0,7.64,392.0,2.2
789,01-02-2018,13.0,25.0,7.92,392.0,2.4
790,02-02-2018,14.0,19.0,7.82,436.0,2.6
791,03-02-2018,14.0,29.0,7.95,482.0,2.3
792,04-02-2018,14.0,27.0,7.9,480.0,2.4
793,05-02-2018,14.0,24.0,7.96,490.0,2.6
794,06-02-2018,14.0,26.0,7.19,472.0,2.3
795,07-02-2018,13.0,20.0,8.23,426.0,6.7
796,08-02-2018,13.0,15.0,8.41,398.0,6.6
797,09-02-2018,13.0,18.0,8.32,472.0,6.0
798,10-02-2018,13.0,22.0,8.54,436.0,6.2
799,11-02-2018,13.0,12.0,8.1,480.0,6.7
800,12-02-2018,13.0,14.0,8.2,470.0,6.2
801,13-02-2018,13.0,15.0,8.37,422.0,6.7
802,14-02-2018,12.0,19.0,8.21,480.0,6.4
803,15-02-2018,12.0,16.0,8.43,432.0,6.2
804,16-02-2018,12.0,12.0,8.51,454.0,0.4
805,17-02-2018,13.0,19.0,8.57,432.0,6.2
806,18-02-2018,13.0,16.0,8.48,430.0,5.9
807,19-02-2018,13.0,16.0,8.44,500.0,6.2
808,20-02-2018,13.0,18.0,8.45,498.0,6.7
809,21-02-2018,13.0,19.0,8.15,470.0,5.9
810,22-02-2018,15.0,17.0,8.31,438.0,6.3
811,23-02-2018,15.0,16.0,8.2,440.0,6.4
812,24-02-2018,15.0,20.0,8.37,472.0,6.4
813,25-02-2018,15.0,23.0,8.69,456.0,6.6
814,26-02-2018,15.0,18.0,8.35,467.0,6.1
815,27-02-2018,15.0,16.0,8.3,460.0,6.4
816,28-02-2018,15.0,17.0,8.28,468.0,6.3
817,01-03-2018,15.0,11.0,8.3,540.0,5.9
818,02-03-2018,15.0,18.0,8.22,524.0,6.6
819,03-03-2018,15.0,20.0,8.54,492.0,6.6
820,04-03-2018,15.0,22.0,8.29,440.0,6.5
821,05-03-2018,15.0,12.0,8.34,470.0,6.2
822,06-03-2018,14.0,12.0,7.98,428.0,6.8
823,07-03-2018,14.0,10.0,7.92,392.0,6.0
824,08-03-2018,14.0,13.0,7.89,420.0,6.8
825,09-03-2018,14.0,15.0,7.84,448.0,6.5
826,10-03-2018,14.0,18.0,7.49,490.0,6.3
827,11-03-2018,14.0,22.0,7.19,428.0,6.8
828,12-03-2018,14.0,12.0,7.82,438.0,6.6
829,13-03-2018,15.0,16.0,7.63,482.0,6.3
830,14-03-2018,14.0,18.0,7.32,480.0,6.2
831,15-03-2018,16.0,38.0,8.18,438.0,2.1
832,16-03-2018,14.0,14.0,7.6,430.0,6.3
833,17-03-2018,14.0,18.0,7.56,434.0,6.3
834,18-03-2018,14.0,20.0,7.49,426.0,6.7
835,19-03-2018,14.0,13.0,7.19,396.0,6.4
836,20-03-2018,14.0,16.0,7.45,460.0,6.7
837,22-03-2018,15.0,17.0,7.54,428.0,6.8
838,23-03-2018,15.0,22.0,7.45,462.0,6.3
839,24-03-2018,15.0,23.0,7.24,492.0,6.7
840,25-03-2018,16.0,18.0,7.54,560.0,6.2
841,26-03-2018,16.0,14.0,7.5,545.0,6.1
842,27-03-2018,16.0,12.0,7.41,548.0,5.9
843,28-03-2018,16.0,10.0,7.38,550.0,6.3
844,29-03-2018,16.0,13.0,7.65,498.0,6.7
845,30-03-2018,16.0,17.0,7.49,460.0,6.3
846,31-03-2018,16.0,20.0,7.14,448.0,6.1
847,01-04-2018,14.0,19.0,7.59,498.0,6.8
848,02-04-2018,15.0,2.5,7.41,462.0,6.4
849,03-04-2018,16.0,21.0,7.19,492.0,8.5
850,04-04-2018,20.0,17.0,7.49,468.0,6.2
851,05-04-2018,20.0,19.0,7.64,492.0,6.8
852,06-04-2018,19.0,16.0,7.39,462.0,6.2
853,07-04-2018,18.0,15.0,7.64,492.0,6.7
854,08-04-2018,18.0,17.0,7.19,468.0,6.3
855,09-04-2018,18.0,21.0,7.3,428.0,6.8
856,10-04-2018,18.0,15.0,7.73,448.0,6.5
857,11-04-2018,18.0,16.0,7.19,490.0,6.2
858,12-04-2018,18.0,12.0,7.45,492.0,6.7
859,13-04-2018,18.0,14.0,7.19,560.0,6.1
860,14-04-2018,18.0,10.0,7.33,470.0,6.8
861,15-04-2018,18.0,13.0,7.19,620.0,6.3
862,16-04-2018,18.0,15.0,7.49,490.0,6.5
863,17-04-2018,18.0,10.0,7.14,436.0,6.1
864,18-04-2018,19.0,17.0,7.32,462.0,6.3
865,19-04-2018,19.0,15.0,7.44,448.0,6.7
866,20-04-2018,20.0,13.0,7.51,498.0,6.4
867,21-04-2018,20.0,60.0,7.23,434.0,6.3
868,22-04-2018,20.0,40.0,7.2,430.0,6.4
869,23-04-2018,16.0,30.0,7.81,485.0,2.1
870,24-04-2018,16.0,25.0,7.74,477.0,2.6
871,25-04-2018,16.0,21.0,7.7,480.0,2.5
872,26-04-2018,16.0,18.0,7.68,486.0,2.3
873,27-04-2018,16.0,14.0,7.6,480.0,2.6
874,28-04-2018,16.0,15.0,7.5,490.0,2.6
875,29-04-2018,16.0,12.0,7.51,488.0,2.9
876,30-04-2018,21.0,13.0,7.23,920.0,6.8
877,01-05-2018,21.0,11.0,7.2,900.0,6.7
878,02-05-2018,21.0,15.0,7.45,768.0,6.2
879,03-05-2018,21.0,13.0,7.24,670.0,6.8
880,04-05-2018,21.0,16.0,7.84,592.0,5.8
881,05-05-2018,21.0,20.0,7.29,524.0,6.3
882,06-05-2018,21.0,19.0,7.64,572.0,6.7
883,07-05-2018,21.0,18.0,7.64,680.0,6.8
884,08-05-2018,22.0,14.0,7.33,594.0,6.3
885,09-05-2018,22.0,19.0,7.7,540.0,6.8
886,10-05-2018,22.0,14.0,7.49,594.0,6.3
887,11-05-2018,22.0,20.0,7.84,784.0,6.2
888,12-05-2018,22.0,23.0,7.51,670.0,6.4
889,13-05-2018,22.0,21.0,7.4,650.0,6.9
890,14-05-2018,22.0,15.0,7.24,632.0,6.4
891,15-05-2018,22.0,11.0,7.49,532.0,6.7
892,16-05-2018,22.0,13.0,7.14,546.0,6.3
893,17-05-2018,22.0,15.0,7.51,596.0,6.8
894,18-05-2018,23.0,20.0,7.29,520.0,6.3
895,19-05-2018,23.0,25.0,7.6,570.0,6.7
896,20-05-2018,22.0,16.0,7.55,560.0,6.9
897,21-05-2018,22.0,12.0,7.23,532.0,6.5
898,22-05-2018,21.0,10.0,7.35,560.0,6.3
899,23-05-2018,21.0,13.0,7.49,592.0,6.5
900,24-05-2018,22.0,15.0,7.33,530.0,6.3
901,25-05-2018,22.0,14.0,7.23,570.0,6.8
902,26-05-2018,22.0,10.0,7.43,532.0,6.3
903,27-05-2018,22.0,10.0,7.2,560.0,6.7
904,28-05-2018,22.0,13.0,7.49,592.0,6.3
905,29-05-2018,22.0,14.0,7.23,548.0,6.8
906,31-05-2018,22.0,14.0,7.19,594.0,6.6
907,01-06-2018,22.0,12.0,7.42,532.0,6.3
908,02-06-2018,22.0,16.0,7.23,536.0,6.8
909,03-06-2018,22.0,10.0,7.2,560.0,6.5
910,04-06-2018,22.0,13.0,7.32,540.0,6.2
911,05-06-2018,22.0,15.0,7.4,570.0,6.8
912,06-06-2018,22.0,18.0,7.92,542.0,6.1
913,07-06-2018,22.0,14.0,7.82,890.0,6.6
914,08-06-2018,23.0,11.0,7.35,826.0,6.3
915,09-06-2018,23.0,15.0,7.43,892.0,6.8
916,10-06-2018,23.0,18.0,7.19,762.0,6.5
917,11-06-2018,23.0,13.0,7.54,692.0,6.3
918,12-06-2018,23.0,10.0,7.19,598.0,6.9
919,13-06-2018,23.0,13.0,7.51,584.0,6.4
920,15-06-2018,22.0,10.0,7.2,540.0,6.1
921,16-06-2018,22.0,8.0,7.31,564.0,6.4
922,17-06-2018,22.0,1000.0,7.41,560.0,6.7
923,18-06-2018,21.0,228.0,7.4,580.0,6.5
924,19-06-2018,20.0,112.0,7.38,560.0,6.4
925,20-06-2018,21.0,75.0,7.3,600.0,6.5
926,21-06-2018,21.0,70.0,7.42,612.0,6.4
927,22-06-2018,22.0,55.0,7.54,592.0,6.8
928,23-06-2018,23.0,45.0,7.39,540.0,6.3
929,24-06-2018,23.0,29.0,7.34,580.0,6.8
930,25-06-2018,23.0,27.1,7.51,598.0,6.6
931,26-06-2018,23.0,24.0,7.64,478.0,6.7
932,27-06-2018,23.0,25.0,7.4,448.0,6.3
933,28-06-2018,23.0,27.0,7.64,496.0,6.8
934,29-06-2018,23.0,22.0,7.39,540.0,6.5
935,30-06-2018,23.0,25.0,7.21,570.0,6.7
936,01-07-2018,23.0,20.0,7.39,546.0,6.4
937,02-07-2018,23.0,18.0,7.73,498.0,6.5
938,03-07-2018,23.0,20.0,7.21,562.0,6.8
939,04-07-2018,24.0,16.0,7.14,520.0,6.8
940,05-07-2018,24.0,18.0,7.54,592.0,6.3
941,06-07-2018,24.0,20.0,7.79,498.0,6.8
942,08-07-2018,24.0,18.0,7.2,540.0,6.4
943,09-07-2018,24.0,20.0,7.51,498.0,6.7
944,10-07-2018,24.0,17.0,7.18,520.0,6.4
945,11-07-2018,24.0,22.0,7.37,584.0,6.8
946,12-07-2018,24.0,27.0,7.42,510.0,5.6
947,13-07-2018,24.0,90.0,7.63,540.0,4.4
948,14-07-2018,24.0,70.0,7.73,584.0,3.9
949,15-07-2018,24.0,50.0,7.49,532.0,3.5
950,16-07-2018,24.0,39.0,7.19,498.0,3.2
951,17-07-2018,24.0,35.0,7.1,486.0,3.0
952,18-07-2018,24.0,32.0,7.08,484.0,2.8
953,19-07-2018,24.0,28.0,7.04,466.0,2.7
954,20-07-2018,21.0,24.0,7.06,460.0,2.6
955,21-07-2018,24.0,20.0,7.01,456.0,2.5
956,22-07-2018,24.0,16.0,7.16,440.0,2.2
957,23-07-2018,24.0,60.0,7.19,492.0,2.8
958,24-07-2018,24.0,256.0,7.12,460.0,2.4
959,25-07-2018,24.0,75.0,7.11,456.0,2.2
960,26-07-2018,24.0,35.0,7.2,470.0,2.4
961,27-07-2018,24.0,670.0,7.22,466.0,2.4
962,28-07-2018,24.0,350.0,7.18,460.0,2.3
963,29-07-2018,23.0,180.0,7.16,440.0,2.2
964,30-07-2018,22.0,130.0,7.12,430.0,2.4
965,31-07-2018,22.0,93.0,7.09,440.0,2.3
966,01-08-2018,22.0,60.0,7.16,430.0,2.2
967,02-08-2018,22.0,50.0,7.12,410.0,2.8
968,03-08-2018,23.0,35.0,7.24,460.0,2.9
969,04-08-2018,23.0,30.0,7.54,418.0,2.6
970,05-08-2018,23.0,26.0,7.5,410.0,2.2
971,06-08-2018,24.0,28.0,7.29,450.0,2.8
972,07-08-2018,23.0,22.0,7.51,470.0,2.3
973,08-08-2018,23.0,220.0,7.5,460.0,2.2
974,09-08-2018,22.0,180.0,7.45,440.0,2.6
975,10-08-2018,23.0,100.0,7.4,430.0,2.3
976,11-08-2018,23.0,56.0,7.35,438.0,2.2
977,12-08-2018,23.0,35.0,7.3,430.0,2.5
978,13-08-2018,23.0,33.0,7.26,426.0,2.3
979,14-08-2018,23.0,281.0,7.2,430.0,2.2
980,15-08-2018,23.0,150.0,7.34,420.0,2.4
981,16-08-2018,23.0,102.0,7.2,434.0,2.3
982,17-08-2018,27.0,50.0,7.7,428.0,2.4
983,18-08-2018,23.0,35.0,7.45,460.0,2.8
984,19-08-2018,23.0,29.0,7.59,432.0,2.5
985,20-08-2018,23.0,20.0,7.32,482.0,2.4
986,21-08-2018,23.0,23.0,7.4,480.0,2.6
987,22-08-2018,23.0,21.0,7.35,474.0,2.4
988,23-08-2018,23.0,18.0,7.3,470.0,2.6
989,24-08-2018,23.0,28.0,7.21,466.0,2.3
990,25-08-2018,23.0,21.0,7.4,460.0,2.4
991,26-08-2018,23.0,26.0,7.35,466.0,2.4
992,27-08-2018,23.0,35.0,7.3,461.0,2.1
993,28-08-2018,23.0,31.0,7.38,447.0,2.4
994,29-08-2018,23.0,25.0,7.19,484.0,2.7
995,30-08-2018,23.0,20.0,7.51,438.0,2.4
996,31-08-2018,23.0,23.0,7.51,496.0,2.8
997,01-09-2018,23.0,25.0,7.73,690.0,2.4
998,02-09-2018,23.0,22.0,7.34,532.0,2.8
999,03-09-2018,23.0,18.0,7.54,570.0,2.6
1000,04-09-2018,23.0,21.0,7.19,490.0,2.5
1001,05-09-2018,23.0,24.0,7.63,448.0,2.9
1002,06-09-2018,23.0,20.0,7.23,480.0,2.5
1003,07-09-2018,23.0,22.0,7.39,532.0,2.8
1004,08-09-2018,23.0,17.0,7.18,488.0,2.6
1005,09-09-2018,23.0,16.0,7.16,480.0,2.4
1006,10-09-2018,23.0,18.0,7.45,432.0,2.7
1007,11-09-2018,23.0,20.0,7.18,482.0,2.3
1008,12-09-2018,24.0,21.0,7.62,438.0,2.6
1009,13-09-2018,22.0,18.0,7.29,468.0,2.3
1010,14-09-2018,20.0,22.0,7.1,528.0,2.8
1011,15-09-2018,22.0,19.0,7.14,482.0,2.8
1012,16-09-2018,20.0,16.0,7.16,530.0,2.4
1013,17-09-2018,22.0,15.0,7.29,482.0,2.4
1014,18-09-2018,21.0,17.0,7.51,540.0,2.9
1015,19-09-2018,23.0,20.0,7.21,492.0,2.3
1016,20-09-2018,20.0,14.0,7.12,540.0,2.6
1017,21-09-2018,20.0,12.0,7.18,560.0,2.3
1018,22-09-2018,21.0,20.0,7.73,520.0,2.8
1019,23-09-2018,21.0,16.0,7.6,510.0,2.3
1020,24-09-2018,21.0,18.0,7.29,462.0,2.6
1021,25-09-2018,21.0,14.0,7.31,482.0,2.8
1022,26-09-2018,21.0,14.0,7.45,436.0,2.4
1023,27-09-2018,22.0,16.0,7.14,482.0,2.8
1024,28-09-2018,23.0,20.0,7.33,458.0,2.4
1025,29-09-2018,22.0,13.0,7.24,422.0,2.9
1026,30-09-2018,22.0,20.0,7.64,482.0,2.4
1027,01-10-2018,22.0,19.0,7.42,422.0,3.4
1028,02-10-2018,25.0,10.0,7.29,370.0,3.6
1029,03-10-2018,24.0,12.0,7.32,360.0,2.9
1030,04-10-2018,23.0,15.0,7.29,450.0,2.4
1031,05-10-2018,23.0,12.0,7.29,480.0,2.8
1032,06-10-2018,22.0,14.0,7.33,532.0,2.6
1033,07-10-2018,22.0,8.0,7.49,563.0,4.4
1034,08-10-2018,22.0,6.0,7.42,538.0,5.3
1035,09-10-2018,14.0,23.0,7.64,390.0,2.5
1036,10-10-2018,22.0,6.0,7.4,536.0,5.6
1037,11-10-2018,22.0,7.0,7.76,530.0,5.6
1038,12-10-2018,21.0,8.0,7.3,560.0,5.8
1039,13-10-2018,21.0,7.0,7.21,546.0,5.5
1040,14-10-2018,23.0,11.0,7.32,536.0,5.8
1041,15-10-2018,23.0,14.0,7.45,570.0,5.6
1042,16-10-2018,23.0,12.0,7.14,460.0,5.4
1043,17-10-2018,22.0,16.0,7.73,492.0,5.8
1044,19-10-2018,24.0,10.0,7.63,492.0,5.6
1045,20-10-2018,22.0,19.0,7.45,440.0,5.4
1046,21-10-2018,22.0,12.0,7.4,482.0,5.8
1047,22-10-2018,22.0,15.0,7.45,532.0,5.6
1048,23-10-2018,22.0,12.0,7.14,482.0,5.3
1049,24-10-2018,24.0,10.0,7.21,432.0,5.8
1050,25-10-2018,23.0,14.0,7.59,532.0,5.4
1051,26-10-2018,22.0,13.0,7.39,492.0,5.8
1052,27-10-2018,22.0,16.0,7.29,462.0,5.6
1053,28-10-2018,22.0,16.0,7.35,432.0,5.8
1054,29-10-2018,24.0,18.0,7.32,482.0,5.6
1055,30-10-2018,22.0,15.0,7.18,420.0,5.7
1056,31-10-2018,24.0,12.0,7.92,482.0,5.4
1057,01-11-2018,23.0,14.0,7.21,422.0,5.3
1058,02-11-2018,24.0,12.0,7.84,460.0,5.8
1059,03-11-2018,23.0,14.0,7.29,420.0,5.6
1060,04-11-2018,23.0,19.0,7.61,482.0,5.8
1061,05-11-2018,24.0,10.0,7.51,482.0,5.8
1062,06-11-2018,24.0,6.0,7.4,490.0,5.9
1063,07-11-2018,24.0,3.0,7.3,470.0,5.4
1064,08-11-2018,24.0,4.0,7.26,466.0,5.3
1065,09-11-2018,23.0,11.0,7.39,488.0,5.8
1066,10-11-2018,22.0,14.0,7.18,460.0,5.6
1067,11-11-2018,23.0,10.0,7.45,490.0,5.9
1068,12-11-2018,23.0,14.0,7.15,416.0,5.6
1069,13-11-2018,22.0,12.0,7.82,440.0,5.8
1070,14-11-2018,22.0,14.0,7.51,462.0,5.6
1071,15-11-2018,22.0,16.0,7.69,424.0,5.9
1072,16-11-2018,23.0,12.0,7.15,452.0,5.6
1073,17-11-2018,22.0,14.0,7.39,498.0,5.9
1074,18-11-2018,22.0,11.0,7.3,460.0,5.3
1075,19-11-2018,22.0,14.0,7.15,428.0,5.8
1076,20-11-2018,22.0,12.0,7.45,460.0,5.6
1077,21-11-2018,22.0,14.0,7.63,482.0,5.8
1078,22-11-2018,23.0,16.0,7.23,440.0,5.6
1079,23-11-2018,23.0,12.0,7.18,492.0,5.9
1080,24-11-2018,22.0,15.0,7.45,460.0,5.6
1081,25-11-2018,22.0,10.0,7.48,498.0,5.5
1082,26-11-2018,22.0,12.0,7.7,490.0,5.8
1083,27-11-2018,24.0,18.0,7.45,560.0,5.2
1084,28-11-2018,23.0,12.0,7.15,432.0,5.7
1085,29-11-2018,22.0,14.0,7.64,482.0,5.9
1086,30-11-2018,23.0,16.0,7.29,420.0,5.6
1087,01-12-2018,22.0,12.0,7.18,490.0,5.9
1088,02-12-2018,22.0,10.0,7.32,420.0,5.6
1089,03-12-2018,23.0,20.0,7.21,480.0,5.8
1090,04-12-2018,22.0,14.0,7.45,440.0,5.4
1091,05-12-2018,22.0,12.0,7.19,482.0,5.9
1092,06-12-2018,22.0,14.0,7.32,432.0,5.3
1093,07-12-2018,22.0,15.0,7.15,492.0,5.9
1094,08-12-2018,22.0,13.0,7.45,468.0,5.6
1095,09-12-2018,22.0,10.0,7.4,461.0,5.3
1096,10-12-2018,23.0,12.0,7.15,438.0,4.7
1097,11-12-2018,23.0,14.0,7.32,480.0,4.9
1098,12-12-2018,22.0,17.0,7.45,438.0,4.6
1099,13-12-2018,22.0,14.0,7.15,480.0,4.9
1100,14-12-2018,22.0,15.0,7.33,438.0,4.6
1101,15-12-2018,22.0,13.0,7.49,460.0,4.9
1102,16-12-2018,22.0,15.0,7.42,482.0,4.5
1103,17-12-2018,23.0,12.0,7.13,428.0,4.8
1104,18-12-2018,23.0,15.0,7.39,436.0,4.6
1105,19-12-2018,20.0,16.0,7.53,460.0,4.8
1106,20-12-2018,22.0,12.0,7.15,420.0,4.6
1107,21-12-2018,22.0,15.0,7.49,464.0,4.8
1108,22-12-2018,22.0,11.0,7.4,460.0,4.8
1109,23-12-2018,22.0,13.0,7.45,438.0,4.6
1110,24-12-2018,22.0,15.0,7.63,470.0,4.7
1111,25-12-2018,22.0,12.0,7.45,420.0,4.8
1112,26-12-2018,20.0,10.0,7.59,492.0,4.7
1113,27-12-2018,20.0,13.0,7.62,432.0,4.5
1114,28-12-2018,23.0,16.0,7.93,570.0,4.9
1115,29-12-2018,20.0,10.0,7.49,482.0,5.6
1116,30-12-2018,22.0,14.0,7.45,460.0,4.9
1117,31-12-2018,21.0,16.0,7.79,590.0,5.6
1118,09-05-2019,21.0,11.0,7.24,496.0,3.3
1119,07-07-2019,24.0,22.0,7.25,520.0,6.6
1120,17-09-2019,22.0,13.0,7.18,370.0,3.2